{
    "android": {
        "font_size": 48,
        "isForked": false
    },
    "background_color": "56a9dd00",
    "bg_type": "one",
    "border_color": "ffffffff",
    "border_style": "plain",
    "border_type": 0,
    "border_width": 0,
    "desktopweb": {
        "background_color": {
            "angle": 0,
            "colors": [
                "56a9ddff",
                "3a83a7ff",
                "4aa8d1ff"
            ],
            "cs": [
                0,
                50,
                100
            ],
            "gt": "linear"
        },
        "background_style": "linear",
        "bg_type": "ms_gradient",
        "bottom_left_border_color": "ffffffff",
        "bottom_left_border_style": "plain",
        "bottom_left_border_width": 0,
        "bottom_right_border_color": "ffffffff",
        "bottom_right_border_style": "plain",
        "bottom_right_border_width": 0,
        "isForked": true,
        "shadow": {
            "br": 2,
            "color": "000000ff",
            "inner": false,
            "nm": 0,
            "x": 0,
            "y": 2
        },
        "text_shadow": {
            "br": 0,
            "color": "000000ff",
            "x": 0,
            "y": -1
        },
        "top_left_border_color": "ffffffff",
        "top_left_border_style": "plain",
        "top_left_border_width": 0,
        "top_right_border_color": "ffffffff",
        "top_right_border_style": "plain",
        "top_right_border_width": 0
    },
    "fontSizeInPx": false,
    "font_color": "ffffff00",
    "font_name": "Helvetica",
    "font_size": 48,
    "font_style": "normal",
    "font_weight": "normal",
    "ipad": {
        "background_color": {
            "angle": 0,
            "colors": [
                "56a9ddff",
                "3a83a7ff",
                "4aa8d1ff"
            ],
            "cs": [
                0,
                50,
                100
            ],
            "gt": "linear"
        },
        "background_style": "linear",
        "bg_type": "ms_gradient",
        "isForked": true,
        "text_shadow": {
            "br": 0,
            "color": "000000ff",
            "x": 0,
            "y": -1
        }
    },
    "iphone": {
        "font_size": 48,
        "isForked": false
    },
    "isDefaultSkin": false,
    "kiosk": {
        "background_color": {
            "angle": 0,
            "colors": [
                "56a9ddff",
                "3a83a7ff",
                "4aa8d1ff"
            ],
            "cs": [
                0,
                50,
                100
            ],
            "gt": "linear"
        },
        "background_style": "linear",
        "bg_type": "ms_gradient",
        "isForked": true
    },
    "kuid": "sae4be0085b046e3aa795e8506fa676c",
    "spaan": {
        "font_size": 48,
        "isForked": false
    },
    "spaandroidtablet": {
        "background_color": {
            "angle": 0,
            "colors": [
                "56a9ddff",
                "3a83a7ff",
                "4aa8d1ff"
            ],
            "cs": [
                0,
                50,
                100
            ],
            "gt": "linear"
        },
        "background_style": "linear",
        "bg_type": "ms_gradient",
        "bottom_left_border_color": "ffffffff",
        "bottom_left_border_style": "plain",
        "bottom_left_border_width": 0,
        "bottom_right_border_color": "ffffffff",
        "bottom_right_border_style": "plain",
        "bottom_right_border_width": 0,
        "isForked": true,
        "shadow": {
            "br": 2,
            "color": "000000ff",
            "inner": false,
            "nm": 0,
            "x": 0,
            "y": 2
        },
        "text_shadow": {
            "br": 0,
            "color": "000000ff",
            "x": 0,
            "y": -1
        },
        "top_left_border_color": "ffffffff",
        "top_left_border_style": "plain",
        "top_left_border_width": 0,
        "top_right_border_color": "ffffffff",
        "top_right_border_style": "plain",
        "top_right_border_width": 0
    },
    "spabb": {
        "font_size": 48,
        "isForked": false
    },
    "spaip": {
        "font_size": 48,
        "isForked": false
    },
    "spaipad": {
        "background_color": {
            "angle": 0,
            "colors": [
                "56a9ddff",
                "3a83a7ff",
                "4aa8d1ff"
            ],
            "cs": [
                0,
                50,
                100
            ],
            "gt": "linear"
        },
        "background_style": "linear",
        "bg_type": "ms_gradient",
        "bottom_left_border_color": "ffffffff",
        "bottom_left_border_style": "plain",
        "bottom_left_border_width": 0,
        "bottom_right_border_color": "ffffffff",
        "bottom_right_border_style": "plain",
        "bottom_right_border_width": 0,
        "isForked": true,
        "shadow": {
            "br": 2,
            "color": "000000ff",
            "inner": false,
            "nm": 0,
            "x": 0,
            "y": 2
        },
        "text_shadow": {
            "br": 0,
            "color": "000000ff",
            "x": 0,
            "y": -1
        },
        "top_left_border_color": "ffffffff",
        "top_left_border_style": "plain",
        "top_left_border_width": 0,
        "top_right_border_color": "ffffffff",
        "top_right_border_style": "plain",
        "top_right_border_width": 0
    },
    "spawindowstablet": {
        "background_color": {
            "angle": 0,
            "colors": [
                "56a9ddff",
                "3a83a7ff",
                "4aa8d1ff"
            ],
            "cs": [
                0,
                50,
                100
            ],
            "gt": "linear"
        },
        "background_style": "linear",
        "bg_type": "ms_gradient",
        "bottom_left_border_color": "ffffffff",
        "bottom_left_border_style": "plain",
        "bottom_left_border_width": 0,
        "bottom_right_border_color": "ffffffff",
        "bottom_right_border_style": "plain",
        "bottom_right_border_width": 0,
        "isForked": true,
        "shadow": {
            "br": 2,
            "color": "000000ff",
            "inner": false,
            "nm": 0,
            "x": 0,
            "y": 2
        },
        "text_shadow": {
            "br": 0,
            "color": "000000ff",
            "x": 0,
            "y": -1
        },
        "top_left_border_color": "ffffffff",
        "top_left_border_style": "plain",
        "top_left_border_width": 0,
        "top_right_border_color": "ffffffff",
        "top_right_border_style": "plain",
        "top_right_border_width": 0
    },
    "spawinphone8": {
        "font_size": 48,
        "isForked": false
    },
    "tabrcandroid": {
        "background_color": {
            "angle": 0,
            "colors": [
                "56a9ddff",
                "3a83a7ff",
                "4aa8d1ff"
            ],
            "cs": [
                0,
                50,
                100
            ],
            "gt": "linear"
        },
        "background_style": "linear",
        "bg_type": "ms_gradient",
        "isForked": true,
        "text_shadow": {
            "br": 0,
            "color": "000000ff",
            "x": 0,
            "y": -1
        }
    },
    "wType": "Button",
    "watchos": {
        "font_size": 48,
        "isForked": false
    },
    "windows8": {
        "background_color": {
            "angle": 0,
            "colors": [
                "56a9ddff",
                "3a83a7ff",
                "4aa8d1ff"
            ],
            "cs": [
                0,
                50,
                100
            ],
            "gt": "linear"
        },
        "background_style": "linear",
        "bg_type": "ms_gradient",
        "isForked": true
    },
    "winphone8": {
        "font_size": 48,
        "isForked": false
    }
}