{
  "android": {
    "background_color": "ffb300ff",
    "bg_type": "one",
    "border_color": "dbdbdbff",
    "border_radius": 100,
    "border_style": "custom",
    "border_type": 0,
    "border_width": 1,
    "font_color": "ffffffff",
    "font_name": "Helvetica",
    "isForked": true,
    "text_shadow": {
      "br": 0,
      "color": "000000ff",
      "nm": 0,
      "x": 0,
      "y": 0
    }
  },
  "background_color": "00000000",
  "bg_type": "one",
  "border_color": "ffffffff",
  "border_style": "plain",
  "border_type": 0,
  "border_width": 0,
  "desktopweb": {
    "background_color": "ffb300ff",
    "bg_type": "one",
    "bottom_left_border_color": "ffffffff",
    "bottom_left_border_style": "plain",
    "bottom_left_border_width": 0,
    "bottom_right_border_color": "ffffffff",
    "bottom_right_border_style": "plain",
    "bottom_right_border_width": 0,
    "font_color": "ffffffff",
    "font_name": "Helvetica",
    "isForked": true,
    "shadow": {
      "br": 2,
      "color": "000000ff",
      "inner": false,
      "nm": 0,
      "x": 0,
      "y": 2
    },
    "text_shadow": {
      "br": 0,
      "color": "000000ff",
      "nm": 0,
      "x": 0,
      "y": 0
    },
    "top_left_border_color": "ffffffff",
    "top_left_border_style": "plain",
    "top_left_border_width": 0,
    "top_right_border_color": "ffffffff",
    "top_right_border_style": "plain",
    "top_right_border_width": 0
  },
  "fontSizeInPx": false,
  "font_color": "565e9966",
  "font_name": "Helvetica",
  "font_size": 79,
  "font_style": "normal",
  "font_weight": "normal",
  "ipad": {
    "background_color": "ffb300ff",
    "bg_type": "one",
    "border_color": "dbdbdbff",
    "border_radius": 100,
    "border_style": "custom",
    "border_type": 0,
    "border_width": 1,
    "font_color": "ffffffff",
    "font_name": "Helvetica",
    "isForked": true,
    "text_shadow": {
      "br": 0,
      "color": "000000ff",
      "nm": 0,
      "x": 0,
      "y": 0
    }
  },
  "iphone": {
    "background_color": "ffb300ff",
    "bg_type": "one",
    "border_color": "dbdbdbff",
    "border_radius": 100,
    "border_style": "custom",
    "border_type": 0,
    "border_width": 1,
    "font_color": "ffffffff",
    "font_name": "Helvetica",
    "isForked": true,
    "text_shadow": {
      "br": 0,
      "color": "000000ff",
      "nm": 0,
      "x": 0,
      "y": 0
    }
  },
  "isDefaultSkin": false,
  "kiosk": {
    "background_color": "ffb300ff",
    "bg_type": "one",
    "border_color": "dbdbdbff",
    "border_radius": 100,
    "border_style": "custom",
    "border_type": 0,
    "border_width": 1,
    "font_color": "ffffffff",
    "font_name": "GenericMonospace",
    "isForked": true
  },
  "kuid": "s37744b0378a41318c807a78127e7e01",
  "spaan": {
    "background_color": "ffb300ff",
    "bg_type": "one",
    "bottom_left_border_color": "ffffffff",
    "bottom_left_border_style": "plain",
    "bottom_left_border_width": 0,
    "bottom_right_border_color": "ffffffff",
    "bottom_right_border_style": "plain",
    "bottom_right_border_width": 0,
    "font_color": "ffffffff",
    "font_name": "Helvetica",
    "isForked": true,
    "shadow": {
      "br": 2,
      "color": "000000ff",
      "inner": false,
      "nm": 0,
      "x": 0,
      "y": 2
    },
    "text_shadow": {
      "br": 0,
      "color": "000000ff",
      "nm": 0,
      "x": 0,
      "y": 0
    },
    "top_left_border_color": "ffffffff",
    "top_left_border_style": "plain",
    "top_left_border_width": 0,
    "top_right_border_color": "ffffffff",
    "top_right_border_style": "plain",
    "top_right_border_width": 0
  },
  "spaandroidtablet": {
    "background_color": "ffb300ff",
    "bg_type": "one",
    "bottom_left_border_color": "ffffffff",
    "bottom_left_border_style": "plain",
    "bottom_left_border_width": 0,
    "bottom_right_border_color": "ffffffff",
    "bottom_right_border_style": "plain",
    "bottom_right_border_width": 0,
    "font_color": "ffffffff",
    "font_name": "Helvetica",
    "isForked": true,
    "shadow": {
      "br": 2,
      "color": "000000ff",
      "inner": false,
      "nm": 0,
      "x": 0,
      "y": 2
    },
    "text_shadow": {
      "br": 0,
      "color": "000000ff",
      "nm": 0,
      "x": 0,
      "y": 0
    },
    "top_left_border_color": "ffffffff",
    "top_left_border_style": "plain",
    "top_left_border_width": 0,
    "top_right_border_color": "ffffffff",
    "top_right_border_style": "plain",
    "top_right_border_width": 0
  },
  "spabb": {
    "background_color": "ffb300ff",
    "bg_type": "one",
    "bottom_left_border_color": "ffffffff",
    "bottom_left_border_style": "plain",
    "bottom_left_border_width": 0,
    "bottom_right_border_color": "ffffffff",
    "bottom_right_border_style": "plain",
    "bottom_right_border_width": 0,
    "font_color": "ffffffff",
    "font_name": "Helvetica",
    "isForked": true,
    "shadow": {
      "br": 2,
      "color": "000000ff",
      "inner": false,
      "nm": 0,
      "x": 0,
      "y": 2
    },
    "text_shadow": {
      "br": 0,
      "color": "000000ff",
      "nm": 0,
      "x": 0,
      "y": 0
    },
    "top_left_border_color": "ffffffff",
    "top_left_border_style": "plain",
    "top_left_border_width": 0,
    "top_right_border_color": "ffffffff",
    "top_right_border_style": "plain",
    "top_right_border_width": 0
  },
  "spaip": {
    "background_color": "ffb300ff",
    "bg_type": "one",
    "bottom_left_border_color": "ffffffff",
    "bottom_left_border_style": "plain",
    "bottom_left_border_width": 0,
    "bottom_right_border_color": "ffffffff",
    "bottom_right_border_style": "plain",
    "bottom_right_border_width": 0,
    "font_color": "ffffffff",
    "font_name": "Helvetica",
    "isForked": true,
    "shadow": {
      "br": 2,
      "color": "000000ff",
      "inner": false,
      "nm": 0,
      "x": 0,
      "y": 2
    },
    "text_shadow": {
      "br": 0,
      "color": "000000ff",
      "nm": 0,
      "x": 0,
      "y": 0
    },
    "top_left_border_color": "ffffffff",
    "top_left_border_style": "plain",
    "top_left_border_width": 0,
    "top_right_border_color": "ffffffff",
    "top_right_border_style": "plain",
    "top_right_border_width": 0
  },
  "spaipad": {
    "background_color": "ffb300ff",
    "bg_type": "one",
    "bottom_left_border_color": "ffffffff",
    "bottom_left_border_style": "plain",
    "bottom_left_border_width": 0,
    "bottom_right_border_color": "ffffffff",
    "bottom_right_border_style": "plain",
    "bottom_right_border_width": 0,
    "font_color": "ffffffff",
    "font_name": "Helvetica",
    "isForked": true,
    "shadow": {
      "br": 2,
      "color": "000000ff",
      "inner": false,
      "nm": 0,
      "x": 0,
      "y": 2
    },
    "text_shadow": {
      "br": 0,
      "color": "000000ff",
      "nm": 0,
      "x": 0,
      "y": 0
    },
    "top_left_border_color": "ffffffff",
    "top_left_border_style": "plain",
    "top_left_border_width": 0,
    "top_right_border_color": "ffffffff",
    "top_right_border_style": "plain",
    "top_right_border_width": 0
  },
  "spawindowstablet": {
    "background_color": "ffb300ff",
    "bg_type": "one",
    "bottom_left_border_color": "ffffffff",
    "bottom_left_border_style": "plain",
    "bottom_left_border_width": 0,
    "bottom_right_border_color": "ffffffff",
    "bottom_right_border_style": "plain",
    "bottom_right_border_width": 0,
    "font_color": "ffffffff",
    "font_name": "Helvetica",
    "isForked": true,
    "shadow": {
      "br": 2,
      "color": "000000ff",
      "inner": false,
      "nm": 0,
      "x": 0,
      "y": 2
    },
    "text_shadow": {
      "br": 0,
      "color": "000000ff",
      "nm": 0,
      "x": 0,
      "y": 0
    },
    "top_left_border_color": "ffffffff",
    "top_left_border_style": "plain",
    "top_left_border_width": 0,
    "top_right_border_color": "ffffffff",
    "top_right_border_style": "plain",
    "top_right_border_width": 0
  },
  "spawinphone8": {
    "background_color": "ffb300ff",
    "bg_type": "one",
    "bottom_left_border_color": "ffffffff",
    "bottom_left_border_style": "plain",
    "bottom_left_border_width": 0,
    "bottom_right_border_color": "ffffffff",
    "bottom_right_border_style": "plain",
    "bottom_right_border_width": 0,
    "font_color": "ffffffff",
    "font_name": "Helvetica",
    "isForked": true,
    "shadow": {
      "br": 2,
      "color": "000000ff",
      "inner": false,
      "nm": 0,
      "x": 0,
      "y": 2
    },
    "text_shadow": {
      "br": 0,
      "color": "000000ff",
      "nm": 0,
      "x": 0,
      "y": 0
    },
    "top_left_border_color": "ffffffff",
    "top_left_border_style": "plain",
    "top_left_border_width": 0,
    "top_right_border_color": "ffffffff",
    "top_right_border_style": "plain",
    "top_right_border_width": 0
  },
  "tabrcandroid": {
    "background_color": "ffb300ff",
    "bg_type": "one",
    "border_color": "dbdbdbff",
    "border_radius": 100,
    "border_style": "custom",
    "border_type": 0,
    "border_width": 1,
    "font_color": "ffffffff",
    "font_name": "Helvetica",
    "isForked": true,
    "text_shadow": {
      "br": 0,
      "color": "000000ff",
      "nm": 0,
      "x": 0,
      "y": 0
    }
  },
  "wType": "Button",
  "watchos": {
    "background_color": "ffb300ff",
    "bg_type": "one",
    "font_color": "ffffffff",
    "font_name": "Helvetica",
    "font_size": 79,
    "isForked": true
  },
  "windows8": {
    "background_color": "ffb300ff",
    "bg_type": "one",
    "border_color": "dbdbdbff",
    "border_radius": 100,
    "border_style": "custom",
    "border_type": 0,
    "border_width": 1,
    "font_color": "ffffffff",
    "font_name": "GenericMonospace",
    "isForked": true
  },
  "winphone8": {
    "background_color": "ffb300ff",
    "bg_type": "one",
    "border_color": "dbdbdbff",
    "border_radius": 100,
    "border_style": "custom",
    "border_type": 0,
    "border_width": 1,
    "font_color": "ffffffff",
    "font_name": "Nunito-Regular",
    "isForked": true
  }
}