{
  "android": {
    "background_color": "103052ff",
    "bg_type": "one",
    "border_color": "33386d7c",
    "border_style": "plain",
    "border_type": 0,
    "border_width": 0,
    "isForked": true
  },
  "background_color": "f5f6faff",
  "bg_type": "one",
  "border_color": "33386d7c",
  "border_style": "plain",
  "border_type": 0,
  "border_width": 1,
  "delinkedPltfrms": {
    "desktop": [],
    "mobile": [],
    "tablet": [],
    "watch": []
  },
  "desktopweb": {
    "background_color": "103052ff",
    "bg_type": "one",
    "bottom_left_border_color": "33386d7c",
    "bottom_left_border_style": "plain",
    "bottom_left_border_width": 1,
    "bottom_right_border_color": "33386d7c",
    "bottom_right_border_style": "plain",
    "bottom_right_border_width": 1,
    "isForked": true,
    "shadow": {
      "br": 0,
      "color": "000000",
      "inner": false,
      "nm": 0,
      "x": 0,
      "y": 0
    },
    "top_left_border_color": "33386d7c",
    "top_left_border_style": "plain",
    "top_left_border_width": 1,
    "top_right_border_color": "33386d7c",
    "top_right_border_style": "plain",
    "top_right_border_width": 1
  },
  "ipad": {
    "background_color": "103052ff",
    "bg_type": "one",
    "border_color": "33386d7f",
    "border_style": "plain",
    "border_type": 0,
    "border_width": 0,
    "isForked": true,
    "shadow": {
      "br": 0,
      "color": "000000",
      "inner": false,
      "nm": 0,
      "x": 0,
      "y": 0
    }
  },
  "iphone": {
    "background_color": "103052ff",
    "bg_type": "one",
    "border_color": "33386d7c",
    "border_style": "plain",
    "border_type": 0,
    "border_width": 0,
    "isForked": true,
    "shadow": {
      "br": 0,
      "color": "000000",
      "inner": false,
      "nm": 0,
      "x": 0,
      "y": 0
    }
  },
  "isDefaultSkin": false,
  "kiosk": {
    "background_color": "103052ff",
    "bg_type": "one",
    "border_color": "33386d7f",
    "border_style": "plain",
    "border_type": 0,
    "border_width": 0,
    "isForked": true
  },
  "kuid": "sa5c7f21ba45433d8eaced1d68279de4",
  "spaan": {
    "background_color": "103052ff",
    "bg_type": "one",
    "bottom_left_border_color": "33386d7c",
    "bottom_left_border_style": "plain",
    "bottom_left_border_width": 1,
    "bottom_right_border_color": "33386d7c",
    "bottom_right_border_style": "plain",
    "bottom_right_border_width": 1,
    "isForked": true,
    "shadow": {
      "br": 0,
      "color": "000000",
      "inner": false,
      "nm": 0,
      "x": 0,
      "y": 0
    },
    "top_left_border_color": "33386d7c",
    "top_left_border_style": "plain",
    "top_left_border_width": 1,
    "top_right_border_color": "33386d7c",
    "top_right_border_style": "plain",
    "top_right_border_width": 1
  },
  "spaandroidtablet": {
    "background_color": "103052ff",
    "bg_type": "one",
    "bottom_left_border_color": "33386d7c",
    "bottom_left_border_style": "plain",
    "bottom_left_border_width": 1,
    "bottom_right_border_color": "33386d7c",
    "bottom_right_border_style": "plain",
    "bottom_right_border_width": 1,
    "isForked": true,
    "shadow": {
      "br": 0,
      "color": "000000",
      "inner": false,
      "nm": 0,
      "x": 0,
      "y": 0
    },
    "top_left_border_color": "33386d7c",
    "top_left_border_style": "plain",
    "top_left_border_width": 1,
    "top_right_border_color": "33386d7c",
    "top_right_border_style": "plain",
    "top_right_border_width": 1
  },
  "spabb": {
    "background_color": "103052ff",
    "bg_type": "one",
    "bottom_left_border_color": "33386d7c",
    "bottom_left_border_style": "plain",
    "bottom_left_border_width": 1,
    "bottom_right_border_color": "33386d7c",
    "bottom_right_border_style": "plain",
    "bottom_right_border_width": 1,
    "isForked": true,
    "shadow": {
      "br": 0,
      "color": "000000",
      "inner": false,
      "nm": 0,
      "x": 0,
      "y": 0
    },
    "top_left_border_color": "33386d7c",
    "top_left_border_style": "plain",
    "top_left_border_width": 1,
    "top_right_border_color": "33386d7c",
    "top_right_border_style": "plain",
    "top_right_border_width": 1
  },
  "spaip": {
    "background_color": "103052ff",
    "bg_type": "one",
    "bottom_left_border_color": "33386d7c",
    "bottom_left_border_style": "plain",
    "bottom_left_border_width": 1,
    "bottom_right_border_color": "33386d7c",
    "bottom_right_border_style": "plain",
    "bottom_right_border_width": 1,
    "isForked": true,
    "shadow": {
      "br": 0,
      "color": "000000",
      "inner": false,
      "nm": 0,
      "x": 0,
      "y": 0
    },
    "top_left_border_color": "33386d7c",
    "top_left_border_style": "plain",
    "top_left_border_width": 1,
    "top_right_border_color": "33386d7c",
    "top_right_border_style": "plain",
    "top_right_border_width": 1
  },
  "spaipad": {
    "background_color": "103052ff",
    "bg_type": "one",
    "bottom_left_border_color": "33386d7c",
    "bottom_left_border_style": "plain",
    "bottom_left_border_width": 1,
    "bottom_right_border_color": "33386d7c",
    "bottom_right_border_style": "plain",
    "bottom_right_border_width": 1,
    "isForked": true,
    "shadow": {
      "br": 0,
      "color": "000000",
      "inner": false,
      "nm": 0,
      "x": 0,
      "y": 0
    },
    "top_left_border_color": "33386d7c",
    "top_left_border_style": "plain",
    "top_left_border_width": 1,
    "top_right_border_color": "33386d7c",
    "top_right_border_style": "plain",
    "top_right_border_width": 1
  },
  "spawindowstablet": {
    "background_color": "103052ff",
    "bg_type": "one",
    "bottom_left_border_color": "33386d7c",
    "bottom_left_border_style": "plain",
    "bottom_left_border_width": 1,
    "bottom_right_border_color": "33386d7c",
    "bottom_right_border_style": "plain",
    "bottom_right_border_width": 1,
    "isForked": true,
    "shadow": {
      "br": 0,
      "color": "000000",
      "inner": false,
      "nm": 0,
      "x": 0,
      "y": 0
    },
    "top_left_border_color": "33386d7c",
    "top_left_border_style": "plain",
    "top_left_border_width": 1,
    "top_right_border_color": "33386d7c",
    "top_right_border_style": "plain",
    "top_right_border_width": 1
  },
  "spawinphone8": {
    "background_color": "103052ff",
    "bg_type": "one",
    "bottom_left_border_color": "33386d7c",
    "bottom_left_border_style": "plain",
    "bottom_left_border_width": 1,
    "bottom_right_border_color": "33386d7c",
    "bottom_right_border_style": "plain",
    "bottom_right_border_width": 1,
    "isForked": true,
    "shadow": {
      "br": 0,
      "color": "000000",
      "inner": false,
      "nm": 0,
      "x": 0,
      "y": 0
    },
    "top_left_border_color": "33386d7c",
    "top_left_border_style": "plain",
    "top_left_border_width": 1,
    "top_right_border_color": "33386d7c",
    "top_right_border_style": "plain",
    "top_right_border_width": 1
  },
  "tabrcandroid": {
    "background_color": "103052ff",
    "bg_type": "one",
    "border_color": "33386d7f",
    "border_style": "plain",
    "border_type": 0,
    "border_width": 0,
    "isForked": true
  },
  "wType": "FlexContainer",
  "windows8": {
    "background_color": "103052ff",
    "bg_type": "one",
    "border_color": "33386d7f",
    "border_style": "plain",
    "border_type": 0,
    "border_width": 0,
    "isForked": true
  },
  "winphone8": {
    "background_color": "103052ff",
    "bg_type": "one",
    "border_color": "33386d7c",
    "border_style": "plain",
    "border_type": 0,
    "border_width": 0,
    "isForked": true
  }
}