{
  "android": {
    "font_name": "Helvetica",
    "font_size": 120,
    "isForked": false
  },
  "background_color": "ffb300ff",
  "bg_type": "one",
  "border_color": "dbdbdbff",
  "border_radius": 100,
  "border_style": "custom",
  "border_type": 0,
  "border_width": 1,
  "desktopweb": {
    "font_name": "Helvetica",
    "font_size": 120,
    "isForked": false
  },
  "fontSizeInPx": false,
  "font_color": "ffffffff",
  "font_name": "Helvetica",
  "font_size": 120,
  "font_style": "normal",
  "font_weight": "normal",
  "ipad": {
    "font_name": "Helvetica",
    "font_size": 120,
    "isForked": false
  },
  "iphone": {
    "font_name": "Helvetica",
    "font_size": 120,
    "isForked": false
  },
  "isDefaultSkin": false,
  "kiosk": {
    "font_name": "GenericMonospace",
    "font_size": 120,
    "isForked": false
  },
  "kuid": "sdb8c3fe310b43deb578dab8c4d2564e",
  "spaan": {
    "font_name": "Helvetica",
    "font_size": 120,
    "isForked": false
  },
  "spaandroidtablet": {
    "font_name": "Helvetica",
    "font_size": 120,
    "isForked": false
  },
  "spabb": {
    "font_name": "Helvetica",
    "font_size": 120,
    "isForked": false
  },
  "spaip": {
    "font_name": "Helvetica",
    "font_size": 120,
    "isForked": false
  },
  "spaipad": {
    "font_name": "Helvetica",
    "font_size": 120,
    "isForked": false
  },
  "spawindowstablet": {
    "font_name": "Helvetica",
    "font_size": 120,
    "isForked": false
  },
  "spawinphone8": {
    "font_name": "Helvetica",
    "font_size": 120,
    "isForked": false
  },
  "tabrcandroid": {
    "font_name": "Helvetica",
    "font_size": 120,
    "isForked": false
  },
  "wType": "Label",
  "watchos": {
    "font_name": "Helvetica",
    "font_size": 120,
    "isForked": false
  },
  "windows8": {
    "font_name": "GenericMonospace",
    "font_size": 120,
    "isForked": false
  },
  "winphone8": {
    "font_name": "GenericMonospace",
    "font_size": 120,
    "isForked": false
  }
}