{
  "background_color": "ffffffff",
  "bg_type": "one",
  "border_color": "3d3d3d00",
  "border_style": "plain",
  "border_type": 0,
  "border_width": 0,
  "desktopweb": {
    "background_color": "ffffffff",
    "bg_type": "one",
    "bottom_left_border_color": "3d3d3daf",
    "bottom_left_border_style": "plain",
    "bottom_left_border_width": 1,
    "bottom_right_border_color": "3d3d3daf",
    "bottom_right_border_style": "plain",
    "bottom_right_border_width": 1,
    "isForked": true,
    "top_left_border_color": "3d3d3daf",
    "top_left_border_style": "plain",
    "top_left_border_width": 1,
    "top_right_border_color": "3d3d3daf",
    "top_right_border_style": "plain",
    "top_right_border_width": 1
  },
  "ipad": {
    "background_color": "ffffffff",
    "bg_type": "one",
    "border_color": "d3dfe0ff",
    "border_style": "plain",
    "border_type": 0,
    "border_width": 0,
    "isForked": true
  },
  "isDefaultSkin": false,
  "kiosk": {
    "background_color": "ffffffff",
    "bg_type": "one",
    "border_color": "d3dfe0ff",
    "border_style": "plain",
    "border_type": 0,
    "border_width": 0,
    "isForked": true
  },
  "kuid": "seb2b0c39c304a21a0577e2158f464a6",
  "spaandroidtablet": {
    "background_color": "ffffffff",
    "bg_type": "one",
    "bottom_left_border_color": "3d3d3daf",
    "bottom_left_border_style": "plain",
    "bottom_left_border_width": 1,
    "bottom_right_border_color": "3d3d3daf",
    "bottom_right_border_style": "plain",
    "bottom_right_border_width": 1,
    "isForked": true,
    "top_left_border_color": "3d3d3daf",
    "top_left_border_style": "plain",
    "top_left_border_width": 1,
    "top_right_border_color": "3d3d3daf",
    "top_right_border_style": "plain",
    "top_right_border_width": 1
  },
  "spaipad": {
    "background_color": "ffffffff",
    "bg_type": "one",
    "bottom_left_border_color": "3d3d3daf",
    "bottom_left_border_style": "plain",
    "bottom_left_border_width": 1,
    "bottom_right_border_color": "3d3d3daf",
    "bottom_right_border_style": "plain",
    "bottom_right_border_width": 1,
    "isForked": true,
    "top_left_border_color": "3d3d3daf",
    "top_left_border_style": "plain",
    "top_left_border_width": 1,
    "top_right_border_color": "3d3d3daf",
    "top_right_border_style": "plain",
    "top_right_border_width": 1
  },
  "spawindowstablet": {
    "background_color": "ffffffff",
    "bg_type": "one",
    "bottom_left_border_color": "3d3d3daf",
    "bottom_left_border_style": "plain",
    "bottom_left_border_width": 1,
    "bottom_right_border_color": "3d3d3daf",
    "bottom_right_border_style": "plain",
    "bottom_right_border_width": 1,
    "isForked": true,
    "top_left_border_color": "3d3d3daf",
    "top_left_border_style": "plain",
    "top_left_border_width": 1,
    "top_right_border_color": "3d3d3daf",
    "top_right_border_style": "plain",
    "top_right_border_width": 1
  },
  "tabrcandroid": {
    "background_color": "ffffffff",
    "bg_type": "one",
    "border_color": "d3dfe0ff",
    "border_style": "plain",
    "border_type": 0,
    "border_width": 0,
    "isForked": true
  },
  "wType": "FlexContainer",
  "windows8": {
    "background_color": "ffffffff",
    "bg_type": "one",
    "border_color": "d3dfe0ff",
    "border_style": "plain",
    "border_type": 0,
    "border_width": 0,
    "isForked": true
  }
}