{
  "android": {
    "font_name": "Nunito-Light",
    "font_size": 88,
    "isForked": false
  },
  "background_color": "00000000",
  "bg_type": "one",
  "border_color": "424242ff",
  "border_style": "plain",
  "border_type": 0,
  "border_width": 0,
  "desktopweb": {
    "font_color": "5e5050ff",
    "font_name": "Helvetica",
    "font_size": 86,
    "isForked": true
  },
  "fontSizeInPx": false,
  "font_color": "90a4aeff",
  "font_name": "Helvetica",
  "font_size": 88,
  "font_style": "normal",
  "font_weight": "normal",
  "ipad": {
    "font_color": "5e5050ff",
    "font_name": "ClanPro-Book",
    "font_size": 86,
    "isForked": true
  },
  "iphone": {
    "font_name": "Nunito-Light",
    "font_size": 88,
    "isForked": false
  },
  "isDefaultSkin": false,
  "kiosk": {
    "font_color": "5e5050ff",
    "font_name": "GenericMonospace",
    "font_size": 86,
    "isForked": true
  },
  "kuid": "se5b5662e1a44dda8b9ce3cc0c776aab",
  "spaan": {
    "font_name": "Nunito-Light",
    "font_size": 88,
    "isForked": false
  },
  "spaandroidtablet": {
    "font_color": "5e5050ff",
    "font_name": "Helvetica",
    "font_size": 86,
    "isForked": true
  },
  "spabb": {
    "font_name": "Helvetica",
    "font_size": 88,
    "isForked": false
  },
  "spaip": {
    "font_name": "Nunito-Light",
    "font_size": 88,
    "isForked": false
  },
  "spaipad": {
    "font_color": "5e5050ff",
    "font_name": "Helvetica",
    "font_size": 86,
    "isForked": true
  },
  "spawindowstablet": {
    "font_color": "5e5050ff",
    "font_name": "Helvetica",
    "font_size": 86,
    "isForked": true
  },
  "spawinphone8": {
    "font_name": "Helvetica",
    "font_size": 88,
    "isForked": false
  },
  "tabrcandroid": {
    "font_color": "5e5050ff",
    "font_name": "ClanPro-Book",
    "font_size": 86,
    "isForked": true
  },
  "wType": "Label",
  "watchos": {
    "font_color": "5e5050ff",
    "font_name": "Helvetica",
    "font_size": 86,
    "isForked": true
  },
  "windows8": {
    "font_color": "5e5050ff",
    "font_name": "GenericMonospace",
    "font_size": 86,
    "isForked": true
  },
  "winphone8": {
    "font_name": "GenericMonospace",
    "font_size": 88,
    "isForked": false
  }
}