{
    "AS_Button_g1badb11ad21419eb5952e92593f0ed7": {
        "id": "AS_Button_g1badb11ad21419eb5952e92593f0ed7",
        "type": "ACTION_SEQUENCE",
        "params": [{
            "datatype": "collection",
            "name": "eventobject"
        }],
        "language": "js",
        "actions": [{
            "id": "ADD_SNIPPET_ide_onClick_ac21f84429bf4bcaa115c4591a6578d6",
            "type": "ADD_SNIPPET",
            "codeSnippet": "this.scrollSegmentToSelectedAlphabetIndex(this.view.Q);",
            "callbackType": null
        }]
    }
}