{
    "AS_Button_i1dcbfe09be14023ab3d25e5dce6e1f6": {
        "id": "AS_Button_i1dcbfe09be14023ab3d25e5dce6e1f6",
        "type": "ACTION_SEQUENCE",
        "params": [{
            "datatype": "collection",
            "name": "eventobject"
        }],
        "language": "js",
        "actions": [{
            "id": "ADD_SNIPPET_ide_onClick_d0527cc31d8a418b8df4bd21e66a94f5",
            "type": "ADD_SNIPPET",
            "codeSnippet": "this.onClickOfBtnCancelSearch();",
            "callbackType": null
        }]
    }
}