{
    "AS_Button_f9d85744ce7f4096985bba001ac9a27b": {
        "id": "AS_Button_f9d85744ce7f4096985bba001ac9a27b",
        "type": "ACTION_SEQUENCE",
        "params": [{
            "datatype": "collection",
            "name": "eventobject"
        }],
        "language": "js",
        "actions": [{
            "id": "ADD_SNIPPET_ide_onClick_a836c65369f24d2eb67f1d0b2cfc9242",
            "type": "ADD_SNIPPET",
            "codeSnippet": "this.scrollSegmentToSelectedAlphabetIndex(this.view.P);",
            "callbackType": null
        }]
    }
}