{
    "AS_Button_ab6ad6046c794477bf39a0fabf436874": {
        "id": "AS_Button_ab6ad6046c794477bf39a0fabf436874",
        "type": "ACTION_SEQUENCE",
        "params": [{
            "datatype": "collection",
            "name": "eventobject"
        }],
        "language": "js",
        "actions": [{
            "id": "ADD_SNIPPET_ide_onClick_d05310acfb764f0e82f145cf463c0ab6",
            "type": "ADD_SNIPPET",
            "codeSnippet": "this.scrollSegmentToSelectedAlphabetIndex(this.view.X);",
            "callbackType": null
        }]
    }
}