{
    "AS_Button_c5ee9a0c7b63450c91f95b8e49c2c929": {
        "id": "AS_Button_c5ee9a0c7b63450c91f95b8e49c2c929",
        "type": "ACTION_SEQUENCE",
        "params": [{
            "datatype": "collection",
            "name": "eventobject"
        }],
        "language": "js",
        "actions": [{
            "id": "ADD_SNIPPET_ide_onClick_e37499268b114ef2b07fef24cb1349b9",
            "type": "ADD_SNIPPET",
            "codeSnippet": "this.scrollSegmentToSelectedAlphabetIndex(this.view.Y);",
            "callbackType": null
        }]
    }
}