{
    "AS_Button_f79c0dfa3e6144838ddb2692a8c97e44": {
        "id": "AS_Button_f79c0dfa3e6144838ddb2692a8c97e44",
        "type": "ACTION_SEQUENCE",
        "params": [{
            "datatype": "collection",
            "name": "eventobject"
        }],
        "language": "js",
        "actions": [{
            "id": "ADD_SNIPPET_ide_onClick_aaf5115ebb85407aa806d5ab70e38beb",
            "type": "ADD_SNIPPET",
            "codeSnippet": "this.scrollSegmentToSelectedAlphabetIndex(this.view.K);",
            "callbackType": null
        }]
    }
}