{
    "AS_Button_i2bf3089ebe8492394f1574a048ec17e": {
        "id": "AS_Button_i2bf3089ebe8492394f1574a048ec17e",
        "type": "ACTION_SEQUENCE",
        "params": [{
            "datatype": "collection",
            "name": "eventobject"
        }],
        "language": "js",
        "actions": [{
            "id": "ADD_SNIPPET_ide_onClick_b55a708a65ca42f3828dd236537100f8",
            "type": "ADD_SNIPPET",
            "codeSnippet": "this.scrollSegmentToSelectedAlphabetIndex(this.view.W);",
            "callbackType": null
        }]
    }
}