{
    "AS_Button_hc59d71492ab475c8804bdb8d34fc3fa": {
        "id": "AS_Button_hc59d71492ab475c8804bdb8d34fc3fa",
        "type": "ACTION_SEQUENCE",
        "params": [{
            "datatype": "collection",
            "name": "eventobject"
        }],
        "language": "js",
        "actions": [{
            "id": "ADD_SNIPPET_ide_onClick_i97acb8166d347eb85953fafeab196ef",
            "type": "ADD_SNIPPET",
            "codeSnippet": "this.scrollSegmentToSelectedAlphabetIndex(this.view.G);",
            "callbackType": null
        }]
    }
}