{
    "AS_Button_c208f9f851314e9295825367f25db91f": {
        "id": "AS_Button_c208f9f851314e9295825367f25db91f",
        "type": "ACTION_SEQUENCE",
        "params": [{
            "datatype": "collection",
            "name": "eventobject"
        }],
        "language": "js",
        "actions": [{
            "id": "ADD_SNIPPET_ide_onClick_ge11a44996ee495aaaafdb511ffb95c4",
            "type": "ADD_SNIPPET",
            "codeSnippet": "this.scrollSegmentToSelectedAlphabetIndex(this.view.F);",
            "callbackType": null
        }]
    }
}