{
    "AS_Button_ff8addec62364d9293481999f3e892b0": {
        "id": "AS_Button_ff8addec62364d9293481999f3e892b0",
        "type": "ACTION_SEQUENCE",
        "params": [{
            "datatype": "collection",
            "name": "eventobject"
        }],
        "language": "js",
        "actions": [{
            "id": "ADD_SNIPPET_ide_onClick_j7e8b9363a9d4822a7eca68482cb6d4c",
            "type": "ADD_SNIPPET",
            "codeSnippet": "this.scrollSegmentToSelectedAlphabetIndex(this.view.R);",
            "callbackType": null
        }]
    }
}