{
    "AS_Button_ab0c3de90c7746fb82a46a92742d632d": {
        "id": "AS_Button_ab0c3de90c7746fb82a46a92742d632d",
        "type": "ACTION_SEQUENCE",
        "params": [{
            "datatype": "collection",
            "name": "eventobject"
        }],
        "language": "js",
        "actions": [{
            "id": "ADD_SNIPPET_ide_onClick_f0dc07c5ba984c0aa48761f83ce14712",
            "type": "ADD_SNIPPET",
            "codeSnippet": "this.scrollSegmentToSelectedAlphabetIndex(this.view.S);",
            "callbackType": null
        }]
    }
}