{
    "AS_Button_ha5f060699b34577ac6f8dce0e87a798": {
        "id": "AS_Button_ha5f060699b34577ac6f8dce0e87a798",
        "type": "ACTION_SEQUENCE",
        "params": [{
            "datatype": "collection",
            "name": "eventobject"
        }],
        "language": "js",
        "actions": [{
            "id": "ADD_SNIPPET_ide_onClick_a2789e532d76461f88eb86f7829b39bc",
            "type": "ADD_SNIPPET",
            "codeSnippet": "this.scrollSegmentToSelectedAlphabetIndex(this.view.O);",
            "callbackType": null
        }]
    }
}