{
    "AS_Button_f54883a5a2264c9ea08a9a81e074482f": {
        "id": "AS_Button_f54883a5a2264c9ea08a9a81e074482f",
        "type": "ACTION_SEQUENCE",
        "params": [{
            "datatype": "collection",
            "name": "eventobject"
        }],
        "language": "js",
        "actions": [{
            "id": "ADD_SNIPPET_ide_onClick_g6b987066275413da184dee51b43bfa1",
            "type": "ADD_SNIPPET",
            "codeSnippet": "this.scrollSegmentToSelectedAlphabetIndex(this.view.H);",
            "callbackType": null
        }]
    }
}