{
    "AS_FlexContainer_e8eacf497d014a869b4bc5127c5ca629": {
        "id": "AS_FlexContainer_e8eacf497d014a869b4bc5127c5ca629",
        "type": "ACTION_SEQUENCE",
        "params": [{
            "datatype": "collection",
            "name": "eventobject"
        }],
        "language": "js",
        "actions": [{
            "id": "ADD_SNIPPET_ide_onClick_fc6eacf060994f15b1e3b155648c07fd",
            "type": "ADD_SNIPPET",
            "codeSnippet": "//alert();",
            "callbackType": null
        }]
    }
}