{
    "AS_FlexContainer_i4f3ad06dbd346f4ab110b621c37d322": {
        "id": "AS_FlexContainer_i4f3ad06dbd346f4ab110b621c37d322",
        "type": "ACTION_SEQUENCE",
        "params": [{
            "datatype": "collection",
            "name": "eventobject"
        }],
        "language": "js",
        "actions": [{
            "id": "ADD_SNIPPET_ide_onClick_ab0a8f1649374a4ea8712cb945a79011",
            "type": "ADD_SNIPPET",
            "codeSnippet": "this.onClickOfEmailFlex();",
            "callbackType": null
        }]
    }
}