{
    "AS_FlexContainer_d4d4860de4534e04bc60477e92369e57": {
        "id": "AS_FlexContainer_d4d4860de4534e04bc60477e92369e57",
        "type": "ACTION_SEQUENCE",
        "params": [{
            "datatype": "collection",
            "name": "eventobject"
        }, {
            "datatype": "string",
            "name": "x"
        }, {
            "datatype": "string",
            "name": "y"
        }],
        "language": "js",
        "actions": [{
            "id": "ADD_SNIPPET_ide_onTouchMove_ed869eb0b00c4ae8a3fa397493fd0ada",
            "type": "ADD_SNIPPET",
            "codeSnippet": "this.onTouchScrollMove(eventobject,x,y);",
            "callbackType": null
        }]
    }
}