{
    "AS_FlexContainer_a65ab0389c814290a028a275e595c7f0": {
        "id": "AS_FlexContainer_a65ab0389c814290a028a275e595c7f0",
        "type": "ACTION_SEQUENCE",
        "params": [{
            "datatype": "collection",
            "name": "eventobject"
        }],
        "contextObj": {
            "name": "uwu1bb66c48e4a444bb3070f470153b3b1",
            "type": "userwidgets",
            "KUID": "u1bb66c48e4a444bb3070f470153b3b1"
        },
        "language": "js",
        "actions": [{
            "id": "ADD_SNIPPET__c93ac96606d24b37949194b98fd6abc9",
            "type": "ADD_SNIPPET",
            "codeSnippet": "this.view.segEmployees.setData([]);",
            "parentId": null,
            "callbackType": null
        }]
    }
}