{
    "AS_Segment_feaf4d19ded34c0ea57266096d9945a9": {
        "id": "AS_Segment_feaf4d19ded34c0ea57266096d9945a9",
        "type": "ACTION_SEQUENCE",
        "params": [{
            "datatype": "collection",
            "name": "eventobject"
        }, {
            "datatype": "number",
            "name": "sectionNumber"
        }, {
            "datatype": "number",
            "name": "rowNumber"
        }],
        "language": "js",
        "actions": [{
            "id": "ADD_SNIPPET_ide_onRowClick_dbf548620cf4485791706d5a212b6671",
            "type": "ADD_SNIPPET",
            "codeSnippet": "if(this._segClickFlag == 0){\nthis._segClickFlag = 1;\nthis.navigateFlex(this,\"0%\");\nthis.setGestureForScrollingAnimationInDetailsPage();\nthis.view.forceLayout();\n}",
            "callbackType": null
        }]
    }
}