{
    "AS_TextField_f5acbae24da54338aedcc6ebc18c150f": {
        "id": "AS_TextField_f5acbae24da54338aedcc6ebc18c150f",
        "type": "ACTION_SEQUENCE",
        "params": [{
            "datatype": "collection",
            "name": "eventobject"
        }, {
            "datatype": "string",
            "name": "x"
        }, {
            "datatype": "string",
            "name": "y"
        }],
        "contextObj": {
            "type": "userwidgets",
            "KUID": "ub6fa345d1d94544a81e90575c96760e"
        },
        "language": "js",
        "actions": [{
            "id": "ADD_SNIPPET__d29a2699434b44e8ae01fabe73398d5c",
            "type": "ADD_SNIPPET",
            "codeSnippet": "this.onTouchStartOfTbxSearch();",
            "parentId": null,
            "callbackType": null
        }]
    }
}