{
    "AS_TextField_hcd25907c3e04cad87f1e1c1390b5e98": {
        "id": "AS_TextField_hcd25907c3e04cad87f1e1c1390b5e98",
        "type": "ACTION_SEQUENCE",
        "params": [{
            "datatype": "collection",
            "name": "eventobject"
        }, {
            "datatype": "string",
            "name": "changedtext"
        }],
        "language": "js",
        "actions": [{
            "id": "ADD_SNIPPET_ide_onTextChange_j0987b9520594eb1be357a3185576510",
            "type": "ADD_SNIPPET",
            "codeSnippet": "this.onTextChangeAndDoneOfTbxSearch();",
            "callbackType": null
        }]
    }
}