{
    "AS_TextField_jfa70935b4a144d98ad289b16b430b9b": {
        "id": "AS_TextField_jfa70935b4a144d98ad289b16b430b9b",
        "type": "ACTION_SEQUENCE",
        "params": [{
            "datatype": "collection",
            "name": "eventobject"
        }, {
            "datatype": "string",
            "name": "changedtext"
        }],
        "language": "js",
        "actions": [{
            "id": "ADD_SNIPPET_ide_onDone_f2cb4482dc67448ca4961a4d01258fbf",
            "type": "ADD_SNIPPET",
            "codeSnippet": "this.onTextChangeAndDoneOfTbxSearch();",
            "callbackType": null
        }]
    }
}