{
    "DNDConfig": null,
    "__markedForDelete__": true,
    "__parentReadjusting__": false,
    "_height_": {
        "type": "string",
        "value": "20%"
    },
    "_left_": {
        "type": "string",
        "value": "0.00%"
    },
    "_margin_": [
        0,
        0,
        0,
        0
    ],
    "_orientation_": 6,
    "_padding_": [
        0,
        0,
        0,
        0
    ],
    "_percent_": true,
    "_skin_": "s0675bbb0bf7499e8e642b0db4e890cf",
    "_top_": {
        "type": "string",
        "value": "0.00%"
    },
    "_width_": {
        "type": "string",
        "value": "100%"
    },
    "allboxes": [],
    "autogrowmode": 0,
    "canUpdateUI": true,
    "children": [
        "lblAddress",
        "lblAddressValue",
        "flxLine10"
    ],
    "clipbounds": true,
    "containerweight": 100,
    "enablescrolling": true,
    "id": "addressFlex",
    "info": null,
    "isvisible": false,
    "kuid": "d1cbfb7717e94af5a3a9ff47ad1dfb56",
    "layouttype": 4,
    "name": "kony.ui.FlexContainer",
    "parent": "flxScrollDetails",
    "pf": "userwidgetmodel",
    "snapgridsize": 10,
    "snaptogrid": true,
    "wType": "FlexContainer",
    "widgetalignment": 1,
    "zindex": 1
}