{
    "@class": "com.kony.gen.viz.model.component.KVizButton",
    "DNDConfig": null,
    "__markedForDelete__": true,
    "__parentReadjusting__": false,
    "_height_": {
        "type": "string",
        "value": "100%"
    },
    "_left_": {
        "type": "string",
        "value": "1%"
    },
    "_margin_": [
        6,
        6,
        6,
        6
    ],
    "_padding_": [
        0,
        0,
        0,
        0
    ],
    "_skin_": "sae4be0085b046e3aa795e8506fa676c",
    "_text_": "",
    "_top_": {
        "type": "string",
        "value": "0%"
    },
    "_width_": {
        "type": "string",
        "value": "12%"
    },
    "canUpdateUI": true,
    "containerweight": 100,
    "contentalignment": 5,
    "disabledSkins": {},
    "displaytext": true,
    "focusskin": "s655fc02c5834aad8ba1040e021785a9",
    "id": "btnBack",
    "ide_onClick": "AS_Button_gacf69f11c4d49dc865b12d619545ac7",
    "info": null,
    "isvisible": true,
    "kuid": "ec4157bab68b4af18ed76d245a14b774",
    "name": "kony.ui.Button",
    "parent": "flxHeaderBar",
    "pf": "userwidgetmodel",
    "wType": "Button",
    "zindex": 4
}