{
    "@class": "com.kony.gen.viz.model.component.KVizButton",
    "DNDConfig": null,
    "__markedForDelete__": true,
    "__parentReadjusting__": false,
    "_height_": {
        "type": "string",
        "value": "95%"
    },
    "_margin_": [
        6,
        6,
        6,
        6
    ],
    "_padding_": [
        0,
        0,
        0,
        0
    ],
    "_right_": {
        "type": "string",
        "value": "0%"
    },
    "_skin_": "s3518876acde4e8a95bf9ab0a748dd28",
    "_text_": "Hierarchy",
    "_top_": {
        "type": "string",
        "value": "0%"
    },
    "_width_": {
        "type": "string",
        "value": "50%"
    },
    "canUpdateUI": true,
    "containerweight": 100,
    "contentalignment": 5,
    "displaytext": true,
    "focusskin": "s274e63398284f7e9831995786922705",
    "id": "btnCategoryHierarchy",
    "info": null,
    "isvisible": true,
    "kuid": "ha08a779edf84fdbb01aae56a1075c97",
    "name": "kony.ui.Button",
    "parent": "flxCategory",
    "pf": "userwidgetmodel",
    "wType": "Button",
    "zindex": 2
}