{
    "@class": "com.kony.gen.viz.model.component.KVizButton",
    "DNDConfig": null,
    "__markedForDelete__": true,
    "__parentReadjusting__": false,
    "_height_": {
        "type": "string",
        "value": "95%"
    },
    "_left_": {
        "type": "string",
        "value": "0%"
    },
    "_margin_": [
        6,
        6,
        6,
        6
    ],
    "_padding_": [
        0,
        0,
        0,
        0
    ],
    "_skin_": "s56bbf09ce62437bb29c31c700c9e0eb",
    "_text_": "Details",
    "_top_": {
        "type": "string",
        "value": "0%"
    },
    "_width_": {
        "type": "string",
        "value": "50%"
    },
    "canUpdateUI": true,
    "containerweight": 100,
    "contentalignment": 5,
    "displaytext": true,
    "focusskin": "s274e63398284f7e9831995786922705",
    "id": "btnCategoryDetails",
    "info": null,
    "isvisible": true,
    "kuid": "cf3c9608866c42b6bce8d7c6f029f7f4",
    "name": "kony.ui.Button",
    "parent": "flxCategory",
    "pf": "userwidgetmodel",
    "wType": "Button",
    "zindex": 2
}