{
    "@class": "com.kony.gen.viz.model.component.KVizButton",
    "DNDConfig": null,
    "__markedForDelete__": true,
    "__parentReadjusting__": false,
    "_height_": {
        "type": "string",
        "value": "100%"
    },
    "_margin_": [
        6,
        6,
        6,
        6
    ],
    "_padding_": [
        0,
        0,
        0,
        0
    ],
    "_skin_": "s36ec613324f4f31adc0ca15180725e2",
    "_text_": "",
    "_width_": {
        "type": "string",
        "value": "100%"
    },
    "canUpdateUI": true,
    "centerx": {
        "type": "string",
        "value": "50%"
    },
    "centery": {
        "type": "string",
        "value": "50%"
    },
    "containerweight": 100,
    "contentalignment": 5,
    "displaytext": true,
    "focusskin": "s36ec613324f4f31adc0ca15180725e2",
    "id": "btnFilter",
    "info": null,
    "isvisible": true,
    "kuid": "b6c6afe6bc8c4c85b981f55d707c1956",
    "name": "kony.ui.Button",
    "parent": "flxFilter",
    "pf": "userwidgetmodel",
    "wType": "Button",
    "zindex": 3
}