{
    "DNDConfig": null,
    "__markedForDelete__": true,
    "__parentReadjusting__": false,
    "_height_": {
        "type": "string",
        "value": "20dp"
    },
    "_margin_": [
        0,
        0,
        0,
        0
    ],
    "_orientation_": 6,
    "_padding_": [
        0,
        0,
        0,
        0
    ],
    "_percent_": true,
    "_right_": {
        "type": "string",
        "value": "4%"
    },
    "_skin_": "seb35b2324e84756badc1cedbd76c8a1",
    "_width_": {
        "type": "string",
        "value": "20dp"
    },
    "allboxes": [],
    "autogrowmode": 0,
    "canUpdateUI": true,
    "centery": {
        "type": "string",
        "value": "60%"
    },
    "children": [
        "imgEmail"
    ],
    "clipbounds": true,
    "containerweight": 100,
    "enablescrolling": true,
    "id": "flxEmailHolder",
    "ide_onClick": "AS_FlexContainer_i4f3ad06dbd346f4ab110b621c37d322",
    "info": null,
    "isvisible": true,
    "kuid": "i5f785962577420cb444caf8a820f64b",
    "layouttype": 2,
    "name": "kony.ui.FlexContainer",
    "parent": "emailFlex",
    "pf": "userwidgetmodel",
    "snapgridsize": 10,
    "snaptogrid": true,
    "wType": "FlexContainer",
    "widgetalignment": 1,
    "zindex": 2
}