{
    "DNDConfig": null,
    "__markedForDelete__": true,
    "__parentReadjusting__": false,
    "_height_": {
        "type": "string",
        "value": "80%"
    },
    "_left_": {
        "type": "string",
        "value": "0%"
    },
    "_margin_": [
        0,
        0,
        0,
        0
    ],
    "_orientation_": 6,
    "_padding_": [
        0,
        0,
        0,
        0
    ],
    "_percent_": true,
    "_skin_": "sab688004d134258972f7703b58e84f8",
    "_top_": {
        "type": "string",
        "value": "20%"
    },
    "_width_": {
        "type": "string",
        "value": "100%"
    },
    "allboxes": [],
    "autogrowmode": 0,
    "canUpdateUI": true,
    "children": [
        "flxShadowEmployeeHeader",
        "flxSeg",
        "lblNoSegmentDataFound",
        "flxDictionary",
        "flxTop",
        "flxBottom",
        "lblDisplaySelectedIndex"
    ],
    "clipbounds": true,
    "containerweight": 100,
    "enablescrolling": true,
    "id": "flxList",
    "info": null,
    "isvisible": true,
    "kuid": "ca237ec53e574c1fa0d52f7253c02f6e",
    "layouttype": 2,
    "name": "kony.ui.FlexContainer",
    "parent": "flxListScreen",
    "pf": "userwidgetmodel",
    "snapgridsize": 10,
    "snaptogrid": true,
    "wType": "FlexContainer",
    "widgetalignment": 1,
    "zindex": 3
}