{
    "DNDConfig": null,
    "__markedForDelete__": true,
    "__parentReadjusting__": false,
    "_height_": {
        "type": "string",
        "value": "20dp"
    },
    "_margin_": [
        0,
        0,
        0,
        0
    ],
    "_orientation_": 6,
    "_padding_": [
        0,
        0,
        0,
        0
    ],
    "_percent_": true,
    "_right_": {
        "type": "string",
        "value": "4%"
    },
    "_skin_": "sa2feab013044787bdaf2d1928455ad1",
    "_width_": {
        "type": "string",
        "value": "20dp"
    },
    "allboxes": [],
    "autogrowmode": 0,
    "canUpdateUI": true,
    "centery": {
        "type": "string",
        "value": "60%"
    },
    "children": [
        "imgMobile"
    ],
    "clipbounds": true,
    "containerweight": 100,
    "enablescrolling": true,
    "id": "flxMobileImageHolder",
    "ide_onClick": "AS_FlexContainer_e9f18a5b1c164cb2a658ac1276515040",
    "info": null,
    "isvisible": true,
    "kuid": "f964e7d035b84320aa7cb832ded17175",
    "layouttype": 2,
    "name": "kony.ui.FlexContainer",
    "parent": "callMobileFlex",
    "pf": "userwidgetmodel",
    "snapgridsize": 10,
    "snaptogrid": true,
    "wType": "FlexContainer",
    "widgetalignment": 1,
    "zindex": 2
}