{
    "DNDConfig": null,
    "__markedForDelete__": true,
    "__parentReadjusting__": false,
    "_height_": {
        "type": "string",
        "value": "20dp"
    },
    "_margin_": [
        0,
        0,
        0,
        0
    ],
    "_orientation_": 6,
    "_padding_": [
        0,
        0,
        0,
        0
    ],
    "_percent_": true,
    "_right_": {
        "type": "string",
        "value": "4%"
    },
    "_skin_": "seb35b2324e84756badc1cedbd76c8a1",
    "_width_": {
        "type": "string",
        "value": "20dp"
    },
    "accessibilityconfig": {},
    "allboxes": [],
    "autogrowmode": 0,
    "canUpdateUI": true,
    "centery": {
        "type": "string",
        "value": "60%"
    },
    "children": [
        "imgLocation"
    ],
    "clipbounds": true,
    "containerweight": 100,
    "enablescrolling": true,
    "id": "flxMapHolder",
    "info": null,
    "isvisible": false,
    "kuid": "bb0b44f834a141749b78b24ef6722759",
    "layouttype": 2,
    "name": "kony.ui.FlexContainer",
    "parent": "locationFlex",
    "pf": "userwidgetmodel",
    "snapgridsize": 10,
    "snaptogrid": true,
    "wType": "FlexContainer",
    "widgetalignment": 1,
    "zindex": 2
}