{
    "DNDConfig": null,
    "__markedForDelete__": true,
    "__parentReadjusting__": false,
    "_bottom_": {
        "type": "string",
        "value": "5%"
    },
    "_height_": {
        "type": "string",
        "value": "17%"
    },
    "_margin_": [
        0,
        0,
        0,
        0
    ],
    "_orientation_": 6,
    "_padding_": [
        0,
        0,
        0,
        0
    ],
    "_percent_": true,
    "_right_": {
        "type": "string",
        "value": "7%"
    },
    "_skin_": "s1cf44c23380438ba2966a5f32c3f333",
    "_width_": {
        "type": "string",
        "value": "17%"
    },
    "allboxes": [],
    "autogrowmode": 0,
    "canUpdateUI": true,
    "children": [
        "lblInvisible"
    ],
    "clipbounds": true,
    "containerweight": 100,
    "enablescrolling": true,
    "id": "flxOnline",
    "info": null,
    "isvisible": true,
    "kuid": "d13bb66b1ca843f9aab38d53dcb81340",
    "layouttype": 2,
    "name": "kony.ui.FlexContainer",
    "parent": "flxEmployeeProfilePic",
    "pf": "userwidgetmodel",
    "snapgridsize": 10,
    "snaptogrid": true,
    "wType": "FlexContainer",
    "widgetalignment": 1,
    "zindex": 8
}