{
    "DNDConfig": null,
    "__markedForDelete__": true,
    "__parentReadjusting__": false,
    "_height_": {
        "type": "string",
        "value": "0.10%"
    },
    "_left_": {
        "type": "string",
        "value": "99%"
    },
    "_margin_": [
        0,
        0,
        0,
        0
    ],
    "_orientation_": 6,
    "_padding_": [
        0,
        0,
        0,
        0
    ],
    "_percent_": true,
    "_skin_": "sa2feab013044787bdaf2d1928455ad1",
    "_top_": {
        "type": "string",
        "value": "1%"
    },
    "_width_": {
        "type": "string",
        "value": "0.10%"
    },
    "allboxes": [],
    "autogrowmode": 0,
    "canUpdateUI": true,
    "children": [
        "topLabel"
    ],
    "clipbounds": true,
    "containerweight": 100,
    "enablescrolling": true,
    "id": "flxTop",
    "info": null,
    "isvisible": true,
    "kuid": "dafec87d0735483f8761b0c295c6d171",
    "layouttype": 2,
    "name": "kony.ui.FlexContainer",
    "parent": "flxList",
    "pf": "userwidgetmodel",
    "snapgridsize": 10,
    "snaptogrid": true,
    "wType": "FlexContainer",
    "widgetalignment": 1,
    "zindex": 10
}