{
    "@class": "com.kony.gen.viz.model.component.KVizImage2",
    "DNDConfig": null,
    "__markedForDelete__": true,
    "__parentReadjusting__": false,
    "_base64_": null,
    "_height_": {
        "type": "string",
        "value": "17dp"
    },
    "_left_": {
        "type": "string",
        "value": "43%"
    },
    "_margin_": [
        0,
        0,
        0,
        0
    ],
    "_padding_": [
        0,
        0,
        0,
        0
    ],
    "_skin_": "s97d76e98850453b97dd68117031700d",
    "_src_": "konymp_ld_search.png",
    "_width_": {
        "type": "string",
        "value": "17dp"
    },
    "canUpdateUI": true,
    "centery": {
        "type": "string",
        "value": "50%"
    },
    "containerweight": 100,
    "context": {
        "channel": "mobile",
        "formID": "uwu1bb66c48e4a444bb3070f470153b3b1",
        "platform": "iphone",
        "templateType": "userwidgets",
        "topLevelBox": null
    },
    "id": "imgSearchCenter",
    "imagescalemode": 0,
    "info": null,
    "invokedProperty": "src",
    "isvisible": true,
    "kuid": "j27719ebeda748dcada1a0b0f0065e9c",
    "name": "kony.ui.Image2",
    "parent": "flxSearch",
    "pf": "userwidgetmodel",
    "srcType": 1,
    "wType": "Image",
    "widgetalignment": 5,
    "zindex": 2
}