{
    "NativeFunctionAPI": {
        "iOS": {
            "11.0": {
                "Kony_SyncV2-iOS-11.0": {
                    "title": "Kony_SyncV2",
                    "platform": "iOS",
                    "os": "11.0",
                    "url": "D:\\kony\\install\\studio\\80\\GA\\Kony_Visualizer_Enterprise\\configuration\\org.eclipse.osgi\\bundles\\30\\1\\.cp\\resources\\sdk\\nativeBindings\\Kony_SyncV2-iOS-11.0.zip",
                    "filepath": "D:\\kony\\WorkSpace\\80\\zead\\sidhanta\\ListDetailsSA\\nativebindings\\iOS\\11.0\\Kony_SyncV2-iOS-11.0.zip",
                    "enable": true
                }
            },
            "10.0": {
                "Kony_SyncV2-iOS-10.0": {
                    "title": "Kony_SyncV2",
                    "platform": "iOS",
                    "os": "10.0",
                    "url": "D:\\kony\\WorkSpace\\80\\zead\\sidhanta\\.imports\\.temp\\import1786521032\\nativebindings\\iOS\\10.0\\Kony_SyncV2-iOS-10.0.zip",
                    "filepath": "D:\\kony\\WorkSpace\\80\\zead\\sidhanta\\ListDetailsSA\\nativebindings\\iOS\\10.0\\Kony_SyncV2-iOS-10.0.zip",
                    "enable": true
                }
            }
        },
        "Android": {
            "4.0": {
                "Kony_SyncV2-Android-4.0": {
                    "title": "Kony_SyncV2",
                    "platform": "Android",
                    "os": "4.0",
                    "url": "D:\\kony\\install\\studio\\80\\GA\\Kony_Visualizer_Enterprise\\configuration\\org.eclipse.osgi\\bundles\\30\\1\\.cp\\resources\\sdk\\nativeBindings\\Kony_SyncV2-Android-4.0.zip",
                    "filepath": "D:\\kony\\WorkSpace\\80\\zead\\sidhanta\\ListDetailsSA\\nativebindings\\Android\\4.0\\Kony_SyncV2-Android-4.0.zip",
                    "enable": true
                }
            }
        }
    }
}